ticker,company,sector,industry,cik,entry_date,removal_date
ABT,Abbott Laboratories,Health Care,Health Care Equipment,0000001800,1957-03-04,
ADM,Archer Daniels Midland,Consumer Staples,Agricultural Products & Services,0000007084,1957-03-04,
AEP,American Electric Power,Utilities,Electric Utilities,0000004904,1957-03-04,
BA,Boeing,Industrials,Aerospace & Defense,0000012927,1957-03-04,
BMY,Bristol Myers Squibb,Health Care,Pharmaceuticals,0000014272,1957-03-04,
CAT,Caterpillar Inc.,Industrials,Construction Machinery & Heavy Transportation Equipment,0000018230,1957-03-04,
CL,Colgate-Palmolive,Consumer Staples,Household Products,0000021665,1957-03-04,
CMS,CMS Energy,Utilities,Multi-Utilities,0000811156,1957-03-04,
COP,ConocoPhillips,Energy,Oil & Gas Exploration & Production,0001163165,1957-03-04,
CPB,Campbell's Company (The),Consumer Staples,Packaged Foods & Meats,0000016732,1957-03-04,
CSX,CSX Corporation,Industrials,Rail Transportation,0000277948,1957-03-04,
CVS,CVS Health,Health Care,Health Care Services,0000064803,1957-03-04,
CVX,Chevron Corporation,Energy,Integrated Oil & Gas,0000093410,1957-03-04,
DE,Deere & Company,Industrials,Agricultural & Farm Machinery,0000315189,1957-03-04,
DTE,DTE Energy,Utilities,Multi-Utilities,0000936340,1957-03-04,
ED,Consolidated Edison,Utilities,Multi-Utilities,0001047862,1957-03-04,
EIX,Edison International,Utilities,Electric Utilities,0000827052,1957-03-04,
ETN,Eaton Corporation,Industrials,Electrical Components & Equipment,0001551182,1957-03-04,
ETR,Entergy,Utilities,Electric Utilities,0000065984,1957-03-04,
EXC,Exelon,Utilities,Electric Utilities,0001109357,1957-03-04,
F,Ford Motor Company,Consumer Discretionary,Automobile Manufacturers,0000037996,1957-03-04,
GD,General Dynamics,Industrials,Aerospace & Defense,0000040533,1957-03-04,
GE,GE Aerospace,Industrials,Aerospace & Defense,0000040545,1957-03-04,
GIS,General Mills,Consumer Staples,Packaged Foods & Meats,0000040704,1957-03-04,
HAL,Halliburton,Energy,Oil & Gas Equipment & Services,0000045012,1957-03-04,
HIG,Hartford (The),Financials,Property & Casualty Insurance,0000874766,1957-03-04,
HON,Honeywell,Industrials,Industrial Conglomerates,0000773840,1957-03-04,
HSY,Hershey Company (The),Consumer Staples,Packaged Foods & Meats,0000047111,1957-03-04,
IBM,IBM,Information Technology,IT Consulting & Other Services,0000051143,1957-03-04,
IP,International Paper,Materials,Paper & Plastic Packaging Products & Materials,0000051434,1957-03-04,
KMB,Kimberly-Clark,Consumer Staples,Household Products,0000055785,1957-03-04,
KO,Coca-Cola Company (The),Consumer Staples,Soft Drinks & Non-alcoholic Beverages,0000021344,1957-03-04,
KR,Kroger,Consumer Staples,Food Retail,0000056873,1957-03-04,
LMT,Lockheed Martin,Industrials,Aerospace & Defense,0000936468,1957-03-04,
MO,Altria,Consumer Staples,Tobacco,0000764180,1957-03-04,
MRK,Merck & Co.,Health Care,Pharmaceuticals,0000310158,1957-03-04,
MSI,Motorola Solutions,Information Technology,Communications Equipment,0000068505,1957-03-04,
NOC,Northrop Grumman,Industrials,Aerospace & Defense,0001133421,1957-03-04,
NSC,Norfolk Southern,Industrials,Rail Transportation,0000702165,1957-03-04,
OXY,Occidental Petroleum,Energy,Oil & Gas Exploration & Production,0000797468,1957-03-04,
PEG,Public Service Enterprise Group,Utilities,Electric Utilities,0000788784,1957-03-04,
PEP,PepsiCo,Consumer Staples,Soft Drinks & Non-alcoholic Beverages,0000077476,1957-03-04,
PFE,Pfizer,Health Care,Pharmaceuticals,0000078003,1957-03-04,
PG,Procter & Gamble,Consumer Staples,Personal Care Products,0000080424,1957-03-04,
PPG,PPG Industries,Materials,Specialty Chemicals,0000079879,1957-03-04,
RTX,RTX Corporation,Industrials,Aerospace & Defense,0000101829,1957-03-04,
SLB,Schlumberger,Energy,Oil & Gas Equipment & Services,0000087347,1957-03-04,
SO,Southern Company,Utilities,Electric Utilities,0000092122,1957-03-04,
SPGI,S&P Global,Financials,Financial Exchanges & Data,0000064040,1957-03-04,
UNP,Union Pacific Corporation,Industrials,Rail Transportation,0000100885,1957-03-04,
XEL,Xcel Energy,Utilities,Multi-Utilities,0000072903,1957-03-04,
XOM,ExxonMobil,Energy,Integrated Oil & Gas,0000034088,1957-03-04,
SHW,Sherwin-Williams,Materials,Specialty Chemicals,0000089800,1964-06-30,
CMI,Cummins,Industrials,Construction Machinery & Heavy Transportation Equipment,0000026172,1965-03-31,
EMR,Emerson Electric,Industrials,Electrical Components & Equipment,0000032604,1965-03-31,
CLX,Clorox,Consumer Staples,Household Products,0000021076,1969-03-31,
NEM,Newmont,Materials,Gold,0001164727,1969-06-30,
MCD,McDonald's,Consumer Discretionary,Restaurants,0000063908,1970-06-30,
LLY,Lilly (Eli),Health Care,Pharmaceuticals,0000059478,1970-12-31,
BAX,Baxter International,Health Care,Health Care Equipment,0000010456,1972-09-30,
BDX,Becton Dickinson,Health Care,Health Care Equipment,0000010795,1972-09-30,
JNJ,Johnson & Johnson,Health Care,Pharmaceuticals,0000200406,1973-06-30,
GPC,Genuine Parts Company,Consumer Discretionary,Distributors,0000040987,1973-12-31,
HPQ,HP Inc.,Information Technology,"Technology Hardware, Storage & Peripherals",0000047217,1974-12-31,
WMB,Williams Companies,Energy,Oil & Gas Storage & Transportation,0000107263,1975-03-31,
JPM,JPMorgan Chase,Financials,Diversified Banks,0000019617,1975-06-30,
IFF,International Flavors & Fragrances,Materials,Specialty Chemicals,0000051253,1976-03-31,
AXP,American Express,Financials,Consumer Finance,0000004962,1976-06-30,
BAC,Bank of America,Financials,Diversified Banks,0000070858,1976-06-30,
CI,Cigna,Health Care,Health Care Services,0001739940,1976-06-30,
DUK,Duke Energy,Utilities,Electric Utilities,0001326160,1976-06-30,
NEE,NextEra Energy,Utilities,Multi-Utilities,0000753308,1976-06-30,
TAP,Molson Coors Beverage Company,Consumer Staples,Brewers,0000024545,1976-06-30,
WFC,Wells Fargo,Financials,Diversified Banks,0000072971,1976-06-30,
BUD,,,,,1976-07-01,
DIS,Walt Disney Company (The),Communication Services,Movies & Entertainment,0001744489,1976-07-01,
INTC,Intel,Information Technology,Semiconductors,0000050863,1976-12-31,
TGT,Target Corporation,Consumer Staples,Consumer Staples Merchandise Retail,0000027419,1976-12-31,
TXT,Textron,Industrials,Aerospace & Defense,0000217346,1978-12-31,
WY,Weyerhaeuser,Real Estate,Timber REITs,0000106535,1979-10-01,
WBA,Walgreens Boots Alliance,Consumer Staples,Drug Retail,0001618921,1979-12-31,
AIG,American International Group,Financials,Multi-line Insurance,0000005272,1980-03-31,
FDX,FedEx,Industrials,Air Freight & Logistics,0001048911,1980-12-31,
PCAR,Paccar,Industrials,Construction Machinery & Heavy Transportation Equipment,0000075362,1980-12-31,
ADP,Automatic Data Processing,Industrials,Human Resource & Employment Services,0000008670,1981-03-31,
GWW,W. W. Grainger,Industrials,Industrial Machinery & Supplies & Components,0000277135,1981-06-30,
MAS,Masco,Industrials,Building Products,0000062996,1981-06-30,
WMT,Walmart,Consumer Staples,Consumer Staples Merchandise Retail,0000104169,1982-08-31,
SNA,Snap-on,Industrials,Industrial Machinery & Supplies & Components,0000091440,1982-09-30,
SWK,Stanley Black & Decker,Industrials,Industrial Machinery & Supplies & Components,0000093556,1982-09-30,
BF-B,Brown–Forman,Consumer Staples,Distillers & Vintners,0000014693,1982-10-31,
AAPL,Apple Inc.,Information Technology,"Technology Hardware, Storage & Peripherals",0000320193,1982-11-30,
CAG,Conagra Brands,Consumer Staples,Packaged Foods & Meats,0000023217,1983-08-31,
T,AT&T,Communication Services,Integrated Telecommunication Services,0000732717,1983-11-30,2005-11-18
VZ,Verizon,Communication Services,Integrated Telecommunication Services,0000732712,1983-11-30,
LOW,Lowe's,Consumer Discretionary,Home Improvement Retail,0000060667,1984-02-29,
PHM,PulteGroup,Consumer Discretionary,Homebuilding,0000822416,1984-04-30,
HAS,Hasbro,Consumer Discretionary,Leisure Products,0000046080,1984-09-30,
BALL,Ball Corporation,Materials,"Metal, Glass & Plastic Containers",0000009389,1984-10-31,
APD,Air Products,Materials,Industrial Gases,0000002969,1985-04-30,
NUE,Nucor,Materials,Steel,0000073309,1985-04-30,
RVTY,Revvity,Health Care,Health Care Equipment,0000031791,1985-05-31,
CNP,CenterPoint Energy,Utilities,Multi-Utilities,0001130310,1985-07-31,
TJX,TJX Companies,Consumer Discretionary,Apparel Retail,0000109198,1985-09-30,
DOV,Dover Corporation,Industrials,Industrial Machinery & Supplies & Components,0000029905,1985-10-31,
PH,Parker Hannifin,Industrials,Industrial Machinery & Supplies & Components,0000076334,1985-11-30,
ITW,Illinois Tool Works,Industrials,Industrial Machinery & Supplies & Components,0000049826,1986-02-28,
MDT,Medtronic,Health Care,Health Care Equipment,0001613103,1986-10-31,
SYY,Sysco,Consumer Staples,Food Distributors,0000096021,1986-12-31,
MMC,Marsh McLennan,Financials,Insurance Brokers,0000062709,1987-08-31,
AVY,Avery Dennison,Materials,Paper & Plastic Packaging Products & Materials,0000008818,1987-12-31,
HD,Home Depot (The),Consumer Discretionary,Home Improvement Retail,0000354950,1988-03-31,
PNC,PNC Financial Services,Financials,Diversified Banks,0000713676,1988-04-30,
C,Citigroup,Financials,Diversified Banks,0000831001,1988-05-31,
NKE,"Nike, Inc.",Consumer Discretionary,"Apparel, Accessories & Luxury Goods",0000320187,1988-11-30,
ECL,Ecolab,Materials,Specialty Chemicals,0000031462,1989-01-31,
GL,Globe Life,Financials,Life & Health Insurance,0000320335,1989-04-30,
ORCL,Oracle Corporation,Information Technology,Application Software,0001341439,1989-08-31,
K,Kellanova,Consumer Staples,Packaged Foods & Meats,0000055067,1989-09-11,
ADSK,Autodesk,Information Technology,Application Software,0000769397,1989-12-01,
AEE,Ameren,Utilities,Multi-Utilities,0001002910,1991-09-19,
AMGN,Amgen,Health Care,Biotechnology,0000318154,1992-01-02,
LIN,Linde plc,Materials,Industrial Gases,0001707925,1992-07-01,
IPG,Interpublic Group of Companies (The),Communication Services,Advertising,0000051644,1992-10-01,
MS,Morgan Stanley,Financials,Investment Banking & Brokerage,0000895421,1993-07-29,
COST,Costco,Consumer Staples,Consumer Staples Merchandise Retail,0000909832,1993-10-01,
CSCO,Cisco,Information Technology,Communications Equipment,0000858877,1993-12-01,
EMN,Eastman Chemical Company,Materials,Specialty Chemicals,0000915389,1994-01-01,
KEY,KeyCorp,Financials,Regional Banks,0000091576,1994-03-01,
MSFT,Microsoft,Information Technology,Systems Software,0000789019,1994-06-01,
LUV,Southwest Airlines,Industrials,Passenger Airlines,0000092380,1994-07-01,
UNH,UnitedHealth Group,Health Care,Managed Health Care,0000731766,1994-07-01,
MU,Micron Technology,Information Technology,Semiconductors,0000723125,1994-09-27,
NCC,,,,,1994-09-30,
PARA,Paramount Global,Communication Services,Movies & Entertainment,0000813828,1994-09-30,
BSX,Boston Scientific,Health Care,Health Care Equipment,0000885725,1995-02-24,
GLW,Corning Inc.,Information Technology,Electronic Components,0000024741,1995-02-27,
AMAT,Applied Materials,Information Technology,Semiconductor Materials & Equipment,0000006951,1995-03-16,
BK,BNY Mellon,Financials,Asset Management & Custody Banks,0001390777,1995-03-31,
DRI,Darden Restaurants,Consumer Discretionary,Restaurants,0000940944,1995-05-31,
L,Loews Corporation,Financials,Multi-line Insurance,0000060086,1995-05-31,
ALL,Allstate,Financials,Property & Casualty Insurance,0000899051,1995-07-13,
FITB,Fifth Third Bancorp,Financials,Regional Banks,0000035527,1996-03-29,
AON,Aon plc,Financials,Insurance Brokers,0000315293,1996-04-23,
AZO,AutoZone,Consumer Discretionary,Automotive Retail,0000866787,1997-01-02,
ADBE,Adobe Inc.,Information Technology,Application Software,0000796343,1997-05-05,
CAH,Cardinal Health,Health Care,Health Care Distributors,0000721371,1997-05-27,
SCHW,Charles Schwab Corporation,Financials,Investment Banking & Brokerage,0000316709,1997-06-02,
CCI,Crown Castle,Real Estate,Telecom Tower REITs,0001051470,1997-06-17,
EFX,Equifax,Industrials,Research & Consulting Services,0000033185,1997-06-19,
APA,APA Corporation,Energy,Oil & Gas Exploration & Production,0001841666,1997-07-28,
PGR,Progressive Corporation,Financials,Property & Casualty Insurance,0000080661,1997-08-04,
HBAN,Huntington Bancshares,Financials,Regional Banks,0000049196,1997-08-28,
KLAC,KLA Corporation,Information Technology,Semiconductor Materials & Equipment,0000319201,1997-09-30,
YUM,Yum! Brands,Consumer Discretionary,Restaurants,0001041061,1997-10-06,
FE,FirstEnergy,Utilities,Electric Utilities,0001031296,1997-11-28,
TFC,Truist Financial,Financials,Diversified Banks,0000092230,1997-12-04,
CINF,Cincinnati Financial,Financials,Property & Casualty Insurance,0000020286,1997-12-18,
OMC,Omnicom Group,Communication Services,Advertising,0000029989,1997-12-31,
NTRS,Northern Trust,Financials,Asset Management & Custody Banks,0000073124,1998-01-30,
BEN,Franklin Resources,Financials,Asset Management & Custody Banks,0000038777,1998-04-30,
MAR,Marriott International,Consumer Discretionary,"Hotels, Resorts & Cruise Lines",0001048286,1998-05-29,
COF,Capital One,Financials,Consumer Finance,0000927628,1998-07-01,
MCO,Moody's Corporation,Financials,Financial Exchanges & Data,0001059556,1998-07-01,
RF,Regions Financial Corporation,Financials,Regional Banks,0001281761,1998-08-28,
WM,Waste Management,Industrials,Environmental & Facilities Services,0000823768,1998-08-31,
PAYX,Paychex,Industrials,Human Resource & Employment Services,0000723531,1998-10-01,
AES,AES Corporation,Utilities,Independent Power Producers & Energy Traders,0000874761,1998-10-02,
DHR,Danaher Corporation,Health Care,Life Sciences Tools & Services,0000313616,1998-11-18,
CPWR,,,,,1998-12-11,2011-12-31
CCL,Carnival,Consumer Discretionary,"Hotels, Resorts & Cruise Lines",0000815097,1998-12-11,
FSR,,,,,1998-12-11,
MCK,McKesson Corporation,Health Care,Health Care Distributors,0000927653,1999-01-13,1994-09-30
ACT,,,,,1999-04-12,
AFL,Aflac,Financials,Life & Health Insurance,0000004977,1999-05-28,
WLP,,,,,1999-06-09,
NTAP,NetApp,Information Technology,"Technology Hardware, Storage & Peripherals",0001002047,1999-06-25,
BBY,Best Buy,Consumer Discretionary,Computer & Electronics Retail,0000764478,1999-06-29,
VMC,Vulcan Materials Company,Materials,Construction Materials,0001396009,1999-06-30,
QCOM,Qualcomm,Information Technology,Semiconductors,0000804328,1999-07-22,
PNW,Pinnacle West Capital,Utilities,Multi-Utilities,0000764622,1999-10-04,
ADI,Analog Devices,Information Technology,Semiconductors,0000006281,1999-10-12,
USB,U.S. Bancorp,Financials,Diversified Banks,0000036104,1999-11-01,
YHOO,,,,,1999-12-08,2017-06-19
ROK,Rockwell Automation,Industrials,Electrical Components & Equipment,0001024478,2000-03-12,
A,Agilent Technologies,Health Care,Life Sciences Tools & Services,0001090872,2000-06-05,
SBUX,Starbucks,Consumer Discretionary,Restaurants,0000829224,2000-06-07,
CVG,,,,,2000-06-12,2009-12-18
JDSU,,,,,2000-07-27,2013-12-23
DVN,Devon Energy,Energy,Oil & Gas Exploration & Production,0001090012,2000-08-30,
EOG,EOG Resources,Energy,Oil & Gas Exploration & Production,0000821189,2000-11-02,
NI,NiSource,Utilities,Multi-Utilities,0001111711,2000-11-02,
AYE,,,,,2000-12-05,1976-07-01
SBL,,,,,2000-12-05,2007-01-10
ABK,,,,,2000-12-05,2008-06-10
INTU,Intuit,Information Technology,Application Software,0000896878,2000-12-05,
MET,MetLife,Financials,Life & Health Insurance,0001099219,2000-12-11,
SYK,Stryker Corporation,Health Care,Health Care Equipment,0000310764,2000-12-12,
CTAS,Cintas,Industrials,Diversified Support Services,0000723254,2001-03-01,
TXN,Texas Instruments,Information Technology,Semiconductors,0000097476,2001-03-12,
FI,Fiserv,Financials,Transaction & Payment Processing Services,0000798354,2001-04-02,
ZBH,Zimmer Biomet,Health Care,Health Care Equipment,0001136869,2001-08-07,
COR,Cencora,Health Care,Health Care Distributors,0001140859,2001-08-30,
PPL,PPL Corporation,Utilities,Electric Utilities,0000922224,2001-10-01,
NVDA,Nvidia,Information Technology,Semiconductors,0001045810,2001-11-30,
EQR,Equity Residential,Real Estate,Multi-Family Residential REITs,0000906107,2001-12-03,
WAT,Waters Corporation,Health Care,Life Sciences Tools & Services,0001000697,2002-01-02,
SPG,Simon Property Group,Real Estate,Retail REITs,0001063761,2002-06-26,
EA,Electronic Arts,Communication Services,Interactive Home Entertainment,0000712515,2002-07-22,
EBAY,eBay Inc.,Consumer Discretionary,Broadline Retail,0001065088,2002-07-22,
GS,Goldman Sachs,Financials,Investment Banking & Brokerage,0000886982,2002-07-22,
PFG,Principal Financial Group,Financials,Life & Health Insurance,0001126328,2002-07-22,
PRU,Prudential Financial,Financials,Life & Health Insurance,0001137774,2002-07-22,
UPS,United Parcel Service,Industrials,Air Freight & Logistics,0001090727,2002-07-22,
ELV,Elevance Health,Health Care,Managed Health Care,0001156039,2002-07-25,
TRV,Travelers Companies (The),Financials,Property & Casualty Insurance,0000086312,2002-08-21,
CMCSA,Comcast,Communication Services,Cable & Satellite,0001166691,2002-11-19,
DGX,Quest Diagnostics,Health Care,Health Care Services,0001022079,2002-12-12,
VLO,Valero Energy,Energy,Oil & Gas Refining & Marketing,0001035002,2002-12-20,
STT,State Street Corporation,Financials,Asset Management & Custody Banks,0000093751,2003-03-14,
MKC,McCormick & Company,Consumer Staples,Packaged Foods & Meats,0000063754,2003-03-20,
GEN,Gen Digital,Information Technology,Systems Software,0000849399,2003-03-25,
PLD,Prologis,Real Estate,Industrial REITs,0001045609,2003-07-17,
ESRX,,,,,2003-09-25,2018-12-24
BIIB,Biogen,Health Care,Biotechnology,0000875045,2003-11-13,
MTB,M&T Bank,Financials,Regional Banks,0000036270,2004-02-23,
VTRS,Viatris,Health Care,Pharmaceuticals,0001792044,2004-04-23,
GILD,Gilead Sciences,Health Care,Biotechnology,0000882095,2004-07-01,
TMO,Thermo Fisher Scientific,Health Care,Life Sciences Tools & Services,0000097745,2004-08-03,
TPR,"Tapestry, Inc.",Consumer Discretionary,"Apparel, Accessories & Luxury Goods",0001116132,2004-09-01,
LH,Labcorp,Health Care,Health Care Services,0000920148,2004-11-01,
DHI,D. R. Horton,Consumer Discretionary,Homebuilding,0000882184,2005-06-22,
STZ,Constellation Brands,Consumer Staples,Distillers & Vintners,0000016918,2005-07-01,
TSN,Tyson Foods,Consumer Staples,Packaged Foods & Meats,0000100493,2005-08-10,
PSA,Public Storage,Real Estate,Self-Storage REITs,0001393311,2005-08-19,
AMP,Ameriprise Financial,Financials,Asset Management & Custody Banks,0000820027,2005-10-03,
LEN,Lennar,Consumer Discretionary,Homebuilding,0000920760,2005-10-04,
AMZN,Amazon,Consumer Discretionary,Broadline Retail,0001018724,2005-11-18,
EL,Estée Lauder Companies (The),Consumer Staples,Personal Care Products,0001001250,2006-01-05,
VRSN,Verisign,Information Technology,Internet Services & Infrastructure,0001014473,2006-02-01,
BXP,"BXP, Inc.",Real Estate,Office REITs,0001037540,2006-04-03,
GOOG,Alphabet Inc. (Class C),Communication Services,Interactive Media & Services,0001652044,2006-04-03,
KIM,Kimco Realty,Real Estate,Retail REITs,0000879101,2006-04-04,
JNPR,,,,,2006-06-02,2025-07-09
CME,CME Group,Financials,Financial Exchanges & Data,0001156375,2006-08-11,
CBRE,CBRE Group,Real Estate,Real Estate Services,0001138118,2006-11-10,
FIS,Fidelity National Information Services,Financials,Transaction & Payment Processing Services,0001136893,2006-11-10,
CTSH,Cognizant,Information Technology,IT Consulting & Other Services,0001058290,2006-11-17,
AVB,AvalonBay Communities,Real Estate,Multi-Family Residential REITs,0000915912,2007-01-10,
RL,Ralph Lauren Corporation,Consumer Discretionary,"Apparel, Accessories & Luxury Goods",0001037038,2007-02-02,
CHRW,C.H. Robinson,Industrials,Air Freight & Logistics,0001043277,2007-03-02,
HST,Host Hotels & Resorts,Real Estate,Hotel & Resort REITs,0001070750,2007-03-20,
KFT,,,,,2007-03-30,2012-10-02
AIZ,Assurant,Financials,Multi-line Insurance,0001267238,2007-04-10,
DFS,,,,,2007-07-02,2025-05-19
AKAM,Akamai Technologies,Information Technology,Internet Services & Infrastructure,0001086222,2007-07-12,
LUK,,,,,2007-08-24,
MCHP,Microchip Technology,Information Technology,Semiconductors,0000827054,2007-09-07,
ICE,Intercontinental Exchange,Financials,Financial Exchanges & Data,0001571949,2007-09-26,
TSO,,,,,2007-09-27,
TDC,,,,,2007-10-01,2017-06-19
EXPE,Expedia Group,Consumer Discretionary,"Hotels, Resorts & Cruise Lines",0001324424,2007-10-02,
EXPD,Expeditors International,Industrials,Air Freight & Logistics,0000746515,2007-10-10,
J,Jacobs Solutions,Industrials,Construction & Engineering,0000052988,2007-10-26,
JEC,,,,,2007-10-26,
AMT,American Tower,Real Estate,Telecom Tower REITs,0001053507,2007-11-19,
GME,,,,,2007-12-13,2016-04-25
RRC,,,,,2007-12-20,2018-06-18
DOC,Healthpeak Properties,Real Estate,Health Care REITs,0000765880,2008-03-31,
PM,Philip Morris International,Consumer Staples,Tobacco,0001413329,2008-03-31,
ISRG,Intuitive Surgical,Health Care,Health Care Equipment,0001035267,2008-06-02,
LO,,,,,2008-06-10,2015-06-11
MEE,,,,,2008-06-23,2011-06-01
COG,,,,,2008-06-23,
CTRA,Coterra,Energy,Oil & Gas Exploration & Production,0000858470,2008-06-23,
AKS,,,,,2008-07-01,2011-12-16
MA,Mastercard,Financials,Transaction & Payment Processing Services,0001141391,2008-07-18,
DVA,DaVita,Health Care,Health Care Services,0000927066,2008-07-31,
IVZ,Invesco,Financials,Asset Management & Custody Banks,0000914208,2008-08-21,
CF,CF Industries,Materials,Fertilizers & Agricultural Chemicals,0001324404,2008-08-27,
CRM,Salesforce,Information Technology,Application Software,0001108524,2008-09-12,
FAST,Fastenal,Industrials,Trading Companies & Distributors,0000815556,2008-09-12,
HRS,,,,,2008-09-16,
LHX,L3Harris,Industrials,Aerospace & Defense,0000202058,2008-09-22,
APH,Amphenol,Information Technology,Electronic Components,0000820313,2008-09-30,
NDAQ,"Nasdaq, Inc.",Financials,Financial Exchanges & Data,0001120193,2008-10-22,
WEC,WEC Energy Group,Utilities,Electric Utilities,0000783325,2008-10-31,
SJM,J.M. Smucker Company (The),Consumer Staples,Packaged Foods & Meats,0000091419,2008-11-06,
WYNN,Wynn Resorts,Consumer Discretionary,Casinos & Gaming,0001174922,2008-11-14,
RSG,Republic Services,Industrials,Environmental & Facilities Services,0001060391,2008-12-05,
OI,,,,,2008-12-31,2000-12-05
IRM,Iron Mountain,Real Estate,Other Specialized REITs,0001020569,2009-01-06,
WELL,Welltower,Real Estate,Health Care REITs,0000766704,2009-01-30,
HRL,Hormel Foods,Consumer Staples,Packaged Foods & Meats,0000048465,2009-03-03,
VTR,Ventas,Real Estate,Health Care REITs,0000740260,2009-03-03,
ORLY,O’Reilly Automotive,Consumer Discretionary,Automotive Retail,0000898173,2009-03-27,
FTI,,,,,2009-06-05,2021-02-12
PCS,,,,,2009-06-29,2013-04-30
PWR,Quanta Services,Industrials,Construction & Engineering,0001050915,2009-07-01,
WDC,Western Digital,Information Technology,"Technology Hardware, Storage & Peripherals",0000106040,2009-07-01,
ES,Eversource Energy,Utilities,Electric Utilities,0000072741,2009-07-24,
FMC,,,,,2009-08-19,2025-03-24
ARG,,,,,2009-09-28,2016-05-23
PCLN,,,,,2009-11-03,
BKNG,Booking Holdings,Consumer Discretionary,"Hotels, Resorts & Cruise Lines",0001075531,2009-11-06,
SAI,,,,,2009-12-18,2013-09-20
CLF,,,,,2009-12-18,2014-04-02
MJN,,,,,2009-12-18,2017-06-19
ROST,Ross Stores,Consumer Discretionary,Apparel Retail,0000745732,2009-12-18,
V,Visa Inc.,Financials,Transaction & Payment Processing Services,0001403161,2009-12-18,
ROP,Roper Technologies,Information Technology,Electronic Equipment & Instruments,0000882835,2009-12-23,
NRG,NRG Energy,Utilities,Independent Power Producers & Energy Traders,0001013871,2010-01-29,
BRK-B,Berkshire Hathaway,Financials,Multi-Sector Holdings,0001067983,2010-02-16,
HP,,,,,2010-02-26,2020-05-22
OKE,Oneok,Energy,Oil & Gas Storage & Transportation,0001039684,2010-03-15,
CERN,,,,,2010-04-29,2022-06-08
KMX,CarMax,Consumer Discretionary,Automotive Retail,0001170010,2010-06-28,
QEP,,,,,2010-06-30,2015-07-01
CB,Chubb Limited,Financials,Property & Casualty Insurance,0000896159,2010-07-14,
TYC,,,,,2010-08-26,2016-09-06
JCI,Johnson Controls,Industrials,Building Products,0000833444,2010-08-27,
IR,Ingersoll Rand,Industrials,Industrial Machinery & Supplies & Components,0001699150,2010-11-17,
TT,Trane Technologies,Industrials,Building Products,0001466258,2010-11-17,
CVC,,,,,2010-12-17,2016-06-22
NFX,,,,,2010-12-17,2019-02-15
FFIV,"F5, Inc.",Information Technology,Communications Equipment,0001048695,2010-12-17,
NFLX,Netflix,Communication Services,Movies & Entertainment,0001065280,2010-12-17,
MMI,,,,,2011-01-03,2012-05-21
JOYG,,,,,2011-02-25,
COV,,,,,2011-02-28,2009-06-05
EW,Edwards Lifesciences,Health Care,Health Care Equipment,0001099800,2011-03-31,
BLK,BlackRock,Financials,Asset Management & Custody Banks,0002012383,2011-04-01,
CMG,Chipotle Mexican Grill,Consumer Discretionary,Restaurants,0001058090,2011-04-27,
ANR,,,,,2011-06-01,2012-10-02
MPC,Marathon Petroleum,Energy,Oil & Gas Refining & Marketing,0001510295,2011-06-30,
FCX,Freeport-McMoRan,Materials,Copper,0000831259,2011-07-01,
ACN,Accenture,Information Technology,IT Consulting & Other Services,0001467373,2011-07-05,
MOS,Mosaic Company (The),Materials,Fertilizers & Agricultural Chemicals,0001285785,2011-09-23,
TEL,TE Connectivity,Information Technology,Electronic Manufacturing Services,0001385157,2011-10-14,2009-06-25
XYL,Xylem Inc.,Industrials,Industrial Machinery & Supplies & Components,0001524472,2011-10-31,
CBE,,,,,2011-11-18,2009-09-28
GAS,,,,,2011-12-12,2011-12-12
PRGO,,,,,2011-12-16,2021-09-20
BWA,,,,,2011-12-16,2025-03-24
DLTR,Dollar Tree,Consumer Staples,Consumer Staples Merchandise Retail,0000935703,2011-12-16,
TRIP,,,,,2011-12-20,2019-12-23
WPX,,,,,2011-12-31,2014-03-21
FOSL,,,,,2012-04-03,2016-01-05
PSX,Phillips 66,Energy,Oil & Gas Refining & Marketing,0001534701,2012-04-23,
KMI,Kinder Morgan,Energy,Oil & Gas Storage & Transportation,0001506307,2012-05-17,
ALXN,,,,,2012-05-21,2021-07-21
LRCX,Lam Research,Information Technology,Semiconductor Materials & Equipment,0000707549,2012-06-05,
MNST,Monster Beverage,Consumer Staples,Soft Drinks & Non-alcoholic Beverages,0000865752,2012-06-29,
STX,Seagate Technology,Information Technology,"Technology Hardware, Storage & Peripherals",0001137789,2012-07-02,
ESV,,,,,2012-07-31,2016-03-30
LYB,LyondellBasell,Materials,Specialty Chemicals,0001489393,2012-09-05,
ADT,,,,,2012-10-01,2016-05-03
PNR,Pentair,Industrials,Industrial Machinery & Supplies & Components,0000077360,2012-10-01,
KRFT,,,,,2012-10-02,2015-07-06
MDLZ,Mondelez International,Consumer Staples,Packaged Foods & Meats,0001103982,2012-10-02,
PETM,,,,,2012-10-10,2015-03-12
DG,Dollar General,Consumer Staples,Consumer Staples Merchandise Retail,0000029534,2012-12-03,
HUM,Humana,Health Care,Managed Health Care,0000049071,2012-12-10,
GRMN,Garmin,Consumer Discretionary,Consumer Electronics,0001121788,2012-12-11,
DLPH,,,,,2012-12-21,
APTV,Aptiv,Consumer Discretionary,Automotive Parts & Equipment,0001521332,2012-12-24,
ABBV,AbbVie,Health Care,Biotechnology,0001551152,2013-01-02,
PVH,,,,,2013-02-15,2022-09-19
REGN,Regeneron Pharmaceuticals,Health Care,Biotechnology,0000872589,2013-04-30,
MAC,,,,,2013-05-08,2019-12-23
KSU,,,,,2013-05-23,2021-12-14
GM,General Motors,Consumer Discretionary,Automobile Manufacturers,0001467858,2013-06-06,
ZTS,Zoetis,Health Care,Pharmaceuticals,0001555280,2013-06-21,
NWSA,News Corp (Class A),Communication Services,Publishing,0001564708,2013-07-01,
NLSN,,,,,2013-07-08,2022-10-12
DAL,Delta Air Lines,Industrials,Passenger Airlines,0000027904,2013-09-10,
AME,Ametek,Industrials,Electrical Components & Equipment,0001037868,2013-09-20,
VRTX,Vertex Pharmaceuticals,Health Care,Biotechnology,0000875320,2013-09-20,
RIG,,,,,2013-10-29,2017-07-26
KORS,,,,,2013-11-13,
ALLE,Allegion,Industrials,Building Products,0001579241,2013-12-02,
GGP,,,,,2013-12-10,2018-08-28
ADS,,,,,2013-12-23,2020-06-22
FB,,,,,2013-12-23,
META,Meta Platforms,Communication Services,Interactive Media & Services,0001326801,2013-12-23,
MHK,Mohawk Industries,Consumer Discretionary,Home Furnishings,0000851968,2013-12-23,
TSCO,Tractor Supply,Consumer Discretionary,Other Specialty Retail,0000916365,2014-01-24,
GMCR,,,,,2014-03-21,2016-03-07
ESS,Essex Property Trust,Real Estate,Multi-Family Residential REITs,0000920522,2014-04-02,
GOOGL,Alphabet Inc. (Class A),Communication Services,Interactive Media & Services,0001652044,2014-04-03,
NAVI,,,,,2014-05-01,2018-06-05
UA,,,,,2014-05-01,2022-06-21
AVGO,Broadcom,Information Technology,Semiconductors,0001730168,2014-05-08,
XEC,,,,,2014-06-20,2020-03-02
AMG,,,,,2014-07-01,2019-12-23
MLM,Martin Marietta Materials,Materials,Construction Materials,0000916076,2014-07-02,
DISCK,,,,,2014-08-06,2022-04-11
MNK,,,,,2014-08-18,2017-07-26
UHS,Universal Health Services,Health Care,Health Care Facilities,0000352915,2014-09-20,
URI,United Rentals,Industrials,Trading Companies & Distributors,0001067701,2014-09-20,
LVLT,,,,,2014-11-05,2017-10-13
RCL,Royal Caribbean Group,Consumer Discretionary,"Hotels, Resorts & Cruise Lines",0000884887,2014-12-05,
ENDP,,,,,2015-01-27,2017-03-02
HCA,HCA Healthcare,Health Care,Health Care Facilities,0000860730,2015-01-27,
SWKS,Skyworks Solutions,Information Technology,Semiconductors,0000004127,2015-03-12,
HSIC,Henry Schein,Health Care,Health Care Distributors,0001000228,2015-03-18,
SLG,,,,,2015-03-23,2021-03-22
HBI,,,,,2015-03-23,2021-12-20
AAL,,,,,2015-03-23,2024-09-23
EQIX,Equinix,Real Estate,Data Center REITs,0001101239,2015-03-23,
O,Realty Income,Real Estate,Retail REITs,0000726728,2015-04-07,
QRVO,,,,,2015-06-11,2024-12-23
BXLT,,,,,2015-07-01,2016-06-03
JBHT,J.B. Hunt,Industrials,Cargo Ground Transportation,0000728535,2015-07-01,
CPGX,,,,,2015-07-02,2016-07-05
KHC,Kraft Heinz,Consumer Staples,Packaged Foods & Meats,0001637459,2015-07-06,
AAP,,,,,2015-07-08,2023-08-25
PYPL,PayPal,Financials,Transaction & Payment Processing Services,0001633917,2015-07-20,
SIG,,,,,2015-07-29,2018-03-19
ATVI,,,,,2015-08-28,2023-10-18
UAL,United Airlines Holdings,Industrials,Passenger Airlines,0000100517,2015-09-02,
CMCSK,,,,,2015-09-18,2015-12-15
FOX,Fox Corporation (Class B),Communication Services,Broadcasting,0001754301,2015-09-18,2019-03-19
NWS,News Corp (Class B),Communication Services,Publishing,0001564708,2015-09-18,
VRSK,Verisk Analytics,Industrials,Research & Consulting Services,0001442145,2015-10-07,
HPE,Hewlett Packard Enterprise,Information Technology,"Technology Hardware, Storage & Peripherals",0001645590,2015-11-02,
SYF,Synchrony Financial,Financials,Consumer Finance,0001601712,2015-11-18,
ILMN,,,,,2015-11-19,2024-06-24
CSRA,,,,,2015-12-01,2018-04-04
CHD,Church & Dwight,Consumer Staples,Household Products,0000313927,2015-12-29,
WLTW,,,,,2016-01-05,
WTW,Willis Towers Watson,Financials,Insurance Brokers,0001140536,2016-01-05,
EXR,Extra Space Storage,Real Estate,Self-Storage REITs,0001289490,2016-01-19,
CFG,Citizens Financial Group,Financials,Regional Banks,0000759944,2016-02-01,
FRT,Federal Realty Investment Trust,Real Estate,Retail REITs,0000034903,2016-02-01,
CXO,,,,,2016-02-22,2021-01-21
AWK,American Water Works,Utilities,Water Utilities,0001410636,2016-03-04,
UDR,"UDR, Inc.",Real Estate,Multi-Family Residential REITs,0000074208,2016-03-07,
CNC,Centene Corporation,Health Care,Managed Health Care,0001071739,2016-03-30,
HOLX,Hologic,Health Care,Health Care Equipment,0000859737,2016-03-30,
FL,,,,,2016-04-04,2019-08-09
ULTA,Ulta Beauty,Consumer Discretionary,Other Specialty Retail,0001403568,2016-04-18,
GPN,Global Payments,Financials,Transaction & Payment Processing Services,0001123360,2016-04-25,
AYI,,,,,2016-05-03,2018-06-18
ALK,,,,,2016-05-13,2023-12-18
DLR,Digital Realty,Real Estate,Data Center REITs,0001297996,2016-05-18,
LKQ,LKQ Corporation,Consumer Discretionary,Distributors,0001065696,2016-05-23,
AJG,Arthur J. Gallagher & Co.,Financials,Insurance Brokers,0000354190,2016-05-31,
TDG,TransDigm Group,Industrials,Aerospace & Defense,0001260221,2016-06-03,
FBHS,,,,,2016-06-22,2022-12-19
ALB,Albemarle Corporation,Materials,Specialty Chemicals,0000915913,2016-07-01,
LNT,Alliant Energy,Utilities,Electric Utilities,0000352541,2016-07-01,
FTV,Fortive,Industrials,Industrial Machinery & Supplies & Components,0001659166,2016-07-05,
MTD,Mettler Toledo,Health Care,Life Sciences Tools & Services,0001037646,2016-09-06,
CHTR,Charter Communications,Communication Services,Cable & Satellite,0001091667,2016-09-08,
COO,Cooper Companies (The),Health Care,Health Care Supplies,0000711404,2016-09-22,
COTY,,,,,2016-09-30,2020-09-21
ARNC,,,,,2016-11-01,2020-04-01
D,Dominion Energy,Utilities,Multi-Utilities,0000715957,2016-11-30,
EVHC,,,,,2016-12-02,2018-10-11
MAA,Mid-America Apartment Communities,Real Estate,Multi-Family Residential REITs,0000912595,2016-12-02,
IDXX,Idexx Laboratories,Health Care,Health Care Equipment,0000874716,2017-01-05,
INCY,Incyte,Health Care,Biotechnology,0000879169,2017-02-28,
CBOE,Cboe Global Markets,Financials,Financial Exchanges & Data,0001374310,2017-03-01,
REG,Regency Centers,Real Estate,Retail REITs,0000910606,2017-03-02,
DISH,,,,,2017-03-13,2023-06-20
SNPS,Synopsys,Information Technology,Application Software,0000883241,2017-03-16,
SRE,Sempra,Utilities,Multi-Utilities,0001032208,2017-03-17,
AMD,Advanced Micro Devices,Information Technology,Semiconductors,0000002488,2017-03-20,2013-09-20
ARE,Alexandria Real Estate Equities,Real Estate,Office REITs,0001035443,2017-03-20,
RJF,Raymond James Financial,Financials,Investment Banking & Brokerage,0000720005,2017-03-20,
DXC,,,,,2017-04-04,2023-10-03
IT,Gartner,Information Technology,IT Consulting & Other Services,0000749251,2017-04-05,
INFO,,,,,2017-06-02,2022-03-02
ANSS,,,,,2017-06-19,2025-07-18
ALGN,Align Technology,Health Care,Health Care Supplies,0001097149,2017-06-19,
EG,Everest Group,Financials,Reinsurance,0001095073,2017-06-19,
HLT,Hilton Worldwide,Consumer Discretionary,"Hotels, Resorts & Cruise Lines",0001585689,2017-06-19,
RE,,,,,2017-06-19,
BKR,Baker Hughes,Energy,Oil & Gas Equipment & Services,0001701605,2017-07-07,
DRE,,,,,2017-07-26,2022-10-03
AOS,A. O. Smith,Industrials,Building Products,0000091142,2017-07-26,
MGM,MGM Resorts,Consumer Discretionary,Casinos & Gaming,0000789570,2017-07-26,
PKG,Packaging Corporation of America,Materials,Paper & Plastic Packaging Products & Materials,0000075677,2017-07-26,
RMD,ResMed,Health Care,Health Care Equipment,0000943819,2017-07-26,
BHF,,,,,2017-08-08,2019-04-02
Q,,,,,2017-08-29,2011-03-31
IQV,IQVIA,Health Care,Life Sciences Tools & Services,0001478242,2017-08-29,
DWDP,,,,,2017-09-01,2019-06-03
SBAC,SBA Communications,Real Estate,Telecom Tower REITs,0001034054,2017-09-01,
CDNS,Cadence Design Systems,Information Technology,Application Software,0000813672,2017-09-18,
NCLH,Norwegian Cruise Line Holdings,Consumer Discretionary,"Hotels, Resorts & Cruise Lines",0001513761,2017-10-13,
HII,Huntington Ingalls Industries,Industrials,Aerospace & Defense,0001501585,2018-01-03,
IPGP,,,,,2018-03-07,2022-06-21
NKTR,,,,,2018-03-19,2019-10-03
SIVB,,,,,2018-03-19,2023-03-15
TTWO,Take-Two Interactive,Communication Services,Interactive Home Entertainment,0000946581,2018-03-19,
MSCI,MSCI Inc.,Financials,Financial Exchanges & Data,0001408198,2018-04-04,
ABMD,,,,,2018-05-31,2022-12-22
EVRG,Evergy,Utilities,Electric Utilities,0001711269,2018-06-05,
TWTR,,,,,2018-06-07,2022-11-01
HFC,,,,,2018-06-18,2021-06-04
BR,Broadridge Financial Solutions,Industrials,Data Processing & Outsourced Services,0001383312,2018-06-18,
CPAY,Corpay,Financials,Transaction & Payment Processing Services,0001175454,2018-06-20,
FLT,,,,,2018-06-20,
CPRT,Copart,Industrials,Diversified Support Services,0000900075,2018-07-02,
ANET,Arista Networks,Information Technology,Communications Equipment,0001596532,2018-08-28,
WCG,,,,,2018-09-14,2020-01-28
ROL,"Rollins, Inc.",Industrials,Environmental & Facilities Services,0000084839,2018-10-01,
FTNT,Fortinet,Information Technology,Systems Software,0001262039,2018-10-11,
KEYS,Keysight Technologies,Information Technology,Electronic Equipment & Instruments,0001601046,2018-11-06,
JKHY,Jack Henry & Associates,Financials,Transaction & Payment Processing Services,0000779152,2018-11-13,
MXIM,,,,,2018-12-03,2007-09-27
FANG,Diamondback Energy,Energy,Oil & Gas Exploration & Production,0001539838,2018-12-03,
LW,Lamb Weston,Consumer Staples,Packaged Foods & Meats,0001679273,2018-12-03,
CE,,,,,2018-12-24,2025-03-24
FRC,,,,,2019-01-02,2023-05-04
TFX,,,,,2019-01-18,2025-03-24
ATO,Atmos Energy,Utilities,Gas Utilities,0000731802,2019-02-15,
WAB,Wabtec,Industrials,Construction Machinery & Heavy Transportation Equipment,0000943452,2019-02-27,
FOXA,Fox Corporation (Class A),Communication Services,Broadcasting,0001754301,2019-03-19,2019-03-19
DOW,Dow Inc.,Materials,Commodity Chemicals,0001751788,2019-04-02,2017-09-01
DD,DuPont,Materials,Specialty Chemicals,0001666700,2019-06-03,2017-09-01
CTVA,Corteva,Materials,Fertilizers & Agricultural Chemicals,0001755672,2019-06-03,
BMS,,,,,2019-06-07,2014-12-05
AMCR,Amcor,Materials,Paper & Plastic Packaging Products & Materials,0001748790,2019-06-11,
MKTX,MarketAxess,Financials,Financial Exchanges & Data,0001278021,2019-07-01,
TMUS,T-Mobile US,Communication Services,Wireless Telecommunication Services,0001283699,2019-07-15,
TROW,T. Rowe Price,Financials,Asset Management & Custody Banks,0001113169,2019-07-29,
IEX,IDEX Corporation,Industrials,Industrial Machinery & Supplies & Components,0000832101,2019-08-09,
LDOS,Leidos,Industrials,Diversified Support Services,0001336920,2019-08-09,
CDW,CDW Corporation,Information Technology,Technology Distributors,0001402057,2019-09-23,
NVR,"NVR, Inc.",Consumer Discretionary,Homebuilding,0000906163,2019-09-26,
LVS,Las Vegas Sands,Consumer Discretionary,Casinos & Gaming,0001300514,2019-10-03,
NOW,ServiceNow,Information Technology,Systems Software,0001373715,2019-11-21,
WRB,W. R. Berkley Corporation,Financials,Property & Casualty Insurance,0000011544,2019-12-05,
ODFL,Old Dominion,Industrials,Cargo Ground Transportation,0000878927,2019-12-09,
LYV,Live Nation Entertainment,Communication Services,Movies & Entertainment,0001335258,2019-12-23,
STE,Steris,Health Care,Health Care Equipment,0001757898,2019-12-23,
ZBRA,Zebra Technologies,Information Technology,Electronic Equipment & Instruments,0000877212,2019-12-23,
PAYC,Paycom,Industrials,Human Resource & Employment Services,0001590955,2020-01-28,
HWM,Howmet Aerospace,Industrials,Aerospace & Defense,0000004281,2020-04-01,
CARR,Carrier Global,Industrials,Building Products,0001783180,2020-04-03,
OTIS,Otis Worldwide,Industrials,Industrial Machinery & Supplies & Components,0001781335,2020-04-03,
DPZ,Domino's,Consumer Discretionary,Restaurants,0001286681,2020-05-12,
DXCM,Dexcom,Health Care,Health Care Equipment,0001093557,2020-05-12,
WST,West Pharmaceutical Services,Health Care,Health Care Supplies,0000105770,2020-05-22,
BIO,,,,,2020-06-22,2024-09-23
TDY,Teledyne Technologies,Information Technology,Electronic Equipment & Instruments,0001094285,2020-06-22,
TYL,Tyler Technologies,Information Technology,Application Software,0000860731,2020-06-22,
TER,Teradyne,Information Technology,Semiconductor Materials & Equipment,0000097210,2020-09-21,2013-12-23
ETSY,,,,,2020-09-21,2024-09-23
CTLT,,,,,2020-09-21,2024-12-23
POOL,Pool Corporation,Consumer Discretionary,Distributors,0000945841,2020-10-07,
VNT,,,,,2020-10-09,2021-03-22
TSLA,"Tesla, Inc.",Consumer Discretionary,Automobile Manufacturers,0001318605,2020-12-21,
ENPH,Enphase Energy,Information Technology,Semiconductor Materials & Equipment,0001463101,2021-01-07,
TRMB,Trimble Inc.,Information Technology,Electronic Equipment & Instruments,0000864749,2021-01-21,
MPWR,Monolithic Power Systems,Information Technology,Semiconductors,0001280452,2021-02-12,
PENN,,,,,2021-03-22,2022-09-19
CZR,Caesars Entertainment,Consumer Discretionary,Casinos & Gaming,0001590895,2021-03-22,
GNRC,Generac,Industrials,Electrical Components & Equipment,0001474735,2021-03-22,
NXPI,NXP Semiconductors,Information Technology,Semiconductors,0001413447,2021-03-22,
PTC,PTC Inc.,Information Technology,Application Software,0000857005,2021-04-20,
CRL,Charles River Laboratories,Health Care,Life Sciences Tools & Services,0001100682,2021-05-14,
OGN,,,,,2021-06-03,2023-10-18
MRNA,Moderna,Health Care,Biotechnology,0001682852,2021-07-21,
TECH,Bio-Techne,Health Care,Life Sciences Tools & Services,0000842023,2021-08-30,
BRO,Brown & Brown,Financials,Insurance Brokers,0000079282,2021-09-20,
CDAY,,,,,2021-09-20,
DAY,Dayforce,Industrials,Human Resource & Employment Services,0001725057,2021-09-20,
MTCH,Match Group,Communication Services,Interactive Media & Services,0000891103,2021-09-20,
EPAM,EPAM Systems,Information Technology,IT Consulting & Other Services,0001352010,2021-12-14,
SBNY,,,,,2021-12-20,2023-03-15
SEDG,,,,,2021-12-20,2023-12-18
FDS,FactSet,Financials,Financial Exchanges & Data,0001013237,2021-12-20,
CEG,Constellation Energy,Utilities,Electric Utilities,0001868275,2022-02-02,2012-03-13
NDSN,Nordson Corporation,Industrials,Industrial Machinery & Supplies & Components,0000072331,2022-02-15,
MOH,Molina Healthcare,Health Care,Managed Health Care,0001179929,2022-03-02,
CPT,Camden Property Trust,Real Estate,Multi-Family Residential REITs,0000906345,2022-04-04,
WBD,Warner Bros. Discovery,Communication Services,Broadcasting,0001437107,2022-04-11,
VICI,Vici Properties,Real Estate,Hotel & Resort REITs,0001705696,2022-06-08,
KDP,Keurig Dr Pepper,Consumer Staples,Soft Drinks & Non-alcoholic Beverages,0001418135,2022-06-21,
ON,ON Semiconductor,Information Technology,Semiconductors,0001097864,2022-06-21,
CSGP,CoStar Group,Real Estate,Real Estate Services,0001057352,2022-09-19,
INVH,Invitation Homes,Real Estate,Single-Family Residential REITs,0001687229,2022-09-19,
EQT,EQT Corporation,Energy,Oil & Gas Exploration & Production,0000033213,2022-10-03,2018-11-13
PCG,PG&E Corporation,Utilities,Multi-Utilities,0001004980,2022-10-03,2019-01-18
TRGP,Targa Resources,Energy,Oil & Gas Storage & Transportation,0001389170,2022-10-12,
ACGL,Arch Capital Group,Financials,Property & Casualty Insurance,0000947484,2022-11-01,
MBC,,,,,2022-12-15,2022-12-19
FSLR,First Solar,Information Technology,Semiconductors,0001274494,2022-12-19,2017-03-20
STLD,Steel Dynamics,Materials,Steel,0001022671,2022-12-22,
GEHC,GE HealthCare,Health Care,Health Care Equipment,0001932393,2023-01-04,
BG,Bunge Global,Consumer Staples,Agricultural Products & Services,0001996862,2023-03-15,
PODD,Insulet Corporation,Health Care,Health Care Equipment,0001145197,2023-03-15,
FICO,Fair Isaac,Information Technology,Application Software,0000814547,2023-03-20,
AXON,Axon Enterprise,Industrials,Aerospace & Defense,0001069183,2023-05-04,
PANW,Palo Alto Networks,Information Technology,Systems Software,0001327567,2023-06-20,
KVUE,Kenvue,Consumer Staples,Personal Care Products,0001944048,2023-08-25,
ABNB,Airbnb,Consumer Discretionary,"Hotels, Resorts & Cruise Lines",0001559720,2023-09-18,
BX,Blackstone Inc.,Financials,Asset Management & Custody Banks,0001393818,2023-09-18,
VLTO,Veralto,Industrials,Environmental & Facilities Services,0001967680,2023-10-02,
HUBB,Hubbell Incorporated,Industrials,Industrial Machinery & Supplies & Components,0000048898,2023-10-18,
LULU,Lululemon Athletica,Consumer Discretionary,"Apparel, Accessories & Luxury Goods",0001397187,2023-10-18,
JBL,Jabil,Information Technology,Electronic Manufacturing Services,0000898293,2023-12-18,2014-11-05
BLDR,Builders FirstSource,Industrials,Building Products,0001316835,2023-12-18,
UBER,Uber,Industrials,Passenger Ground Transportation,0001543151,2023-12-18,
DECK,Deckers Brands,Consumer Discretionary,Footwear,0000910521,2024-03-18,
SMCI,Supermicro,Information Technology,"Technology Hardware, Storage & Peripherals",0001375365,2024-03-18,
SOLV,Solventum,Health Care,Health Care Technology,0001964738,2024-04-01,
GEV,GE Vernova,Industrials,Heavy Electrical Equipment,0001996810,2024-04-02,
VST,Vistra Corp.,Utilities,Electric Utilities,0001692819,2024-05-08,
CRWD,CrowdStrike,Information Technology,Systems Software,0001535527,2024-06-24,
GDDY,GoDaddy,Information Technology,Internet Services & Infrastructure,0001609711,2024-06-24,
KKR,KKR & Co.,Financials,Asset Management & Custody Banks,0001404912,2024-06-24,
SW,Smurfit Westrock,Materials,Paper & Plastic Packaging Products & Materials,0002005951,2024-07-08,
DELL,Dell Technologies,Information Technology,"Technology Hardware, Storage & Peripherals",0001571996,2024-09-23,2013-10-29
ERIE,Erie Indemnity,Financials,Insurance Brokers,0000922621,2024-09-23,
PLTR,Palantir Technologies,Information Technology,Application Software,0001321655,2024-09-23,
AMTM,,,,,2024-09-30,2024-12-23
TPL,Texas Pacific Land Corporation,Energy,Oil & Gas Exploration & Production,0001811074,2024-11-26,
APO,Apollo Global Management,Financials,Asset Management & Custody Banks,0001858681,2024-12-23,
LII,Lennox International,Industrials,Building Products,0001069202,2024-12-23,
WDAY,"Workday, Inc.",Information Technology,Application Software,0001327811,2024-12-23,
DASH,DoorDash,Consumer Discretionary,Specialized Consumer Services,0001792789,2025-03-24,
EXE,Expand Energy,Energy,Oil & Gas Exploration & Production,0000895126,2025-03-24,
TKO,TKO Group Holdings,Communication Services,Movies & Entertainment,0001973266,2025-03-24,
WSM,"Williams-Sonoma, Inc.",Consumer Discretionary,Homefurnishing Retail,0000719955,2025-03-24,
COIN,Coinbase,Financials,Financial Exchanges & Data,0001679788,2025-05-19,
DDOG,Datadog,Information Technology,Application Software,0001561550,2025-07-09,
TTD,Trade Desk (The),Communication Services,Advertising,0001671933,2025-07-18,
XYZ,"Block, Inc.",Financials,Transaction & Payment Processing Services,0001512673,2025-07-23,
HNG,,,,,,1976-07-01
USL,,,,,,1997-06-17
AN,,,,,,1998-12-11
GRN,,,,,,1998-12-11
SUN,,,,,,1998-12-11
HPH,,,,,,1999-06-09
LDW,,,,,,1999-12-08
SMS,,,,,,2000-06-07
TMC,,,,,,2000-06-12
RAD,,,,,,2000-07-27
BS,,,,,,2000-12-05
CCK,,,,,,2000-12-05
GRA,,,,,,2000-12-05
QTRN,,,,,,2003-09-25
GLK,,,,,,2005-07-01
ABS,,,,,,2006-06-02
TSG,,,,,,2007-03-30
ADCT,,,,,,2007-07-02
KSE,,,,,,2007-08-24
FDC,,,,,,2007-09-26
NCR,,,,,,2007-10-01
SLR,,,,,,2007-10-02
AV,,,,,,2007-10-26
DJ,,,,,,2007-12-13
TRB,,,,,,2007-12-20
BC,,,,,,2008-06-23
OMX,,,,,,2008-06-23
CFC,,,,,,2008-07-01
FNM,,,,,,2008-09-12
FRE,,,,,,2008-09-12
LEH,,,,,,2008-09-16
WB,,,,,,2008-12-31
ACAS,,,,,,2009-03-03
JNY,,,,,,2009-03-03
CTX,,,,,,2009-08-19
SGP,,,,,,2009-11-03
CIEN,,,,,,2009-12-18
DYN,,,,,,2009-12-18
KBH,,,,,,2009-12-18
MBI,,,,,,2009-12-18
RX,,,,,,2010-02-26
BJS,,,,,,2010-04-29
XTO,,,,,,2010-06-28
STR,,,,,,2010-06-30
MIL,,,,,,2010-07-14
SII,,,,,,2010-08-26
PTV,,,,,,2010-11-17
EK,,,,,,2010-12-17
KG,,,,,,2010-12-17
NYT,,,,,,2010-12-17
ODP,,,,,,2010-12-17
MDP,,,,,,2011-01-03
MFE,,,,,,2011-02-28
GENZ,,,,,,2011-04-01
NOVL,,,,,,2011-04-27
RSH,,,,,,2011-06-30
MI,,,,,,2011-07-05
NSM,,,,,,2011-09-23
CEPH,,,,,,2011-10-14
ITT,,,,,,2011-10-31
JNS,,,,,,2011-11-18
MWW,,,,,,2011-12-16
WFR,,,,,,2011-12-16
TLAB,,,,,,2011-12-20
MHS,,,,,,2012-04-03
SVU,,,,,,2012-04-23
EP,,,,,,2012-05-17
NVLS,,,,,,2012-06-05
SLE,,,,,,2012-06-29
PGN,,,,,,2012-07-02
GR,,,,,,2012-07-31
SHLD,,,,,,2012-09-05
DV,,,,,,2012-10-01
LXK,,,,,,2012-10-01
RRD,,,,,,2012-12-11
TIE,,,,,,2012-12-21
FII,,,,,,2013-01-02
BIG,,,,,,2013-02-15
CVH,,,,,,2013-05-08
DF,,,,,,2013-05-23
HNZ,,,,,,2013-06-06
FHN,,,,,,2013-06-21
APOL,,,,,,2013-07-01
S,,,,,,2013-07-08
BMC,,,,,,2013-09-10
NYX,,,,,,2013-11-13
JCP,,,,,,2013-12-02
MOLX,,,,,,2013-12-10
ANF,,,,,,2013-12-23
LIFE,,,,,,2014-01-24
BEAM,,,,,,2014-05-01
SLM,,,,,,2014-05-01
LSI,,,,,,2014-05-08
IGT,,,,,,2014-06-20
FRX,,,,,,2014-07-01
X,,,,,,2014-07-02
RDC,,,,,,2014-08-18
BTU,,,,,,2014-09-20
GHC,,,,,,2014-09-20
SWY,,,,,,2015-01-27
CFN,,,,,,2015-03-18
AGN,,,,,,2015-03-23
AVP,,,,,,2015-03-23
DNR,,,,,,2015-03-23
NBR,,,,,,2015-03-23
WIN,,,,,,2015-04-07
TEG,,,,,,2015-07-01
ATI,,,,,,2015-07-02
FDO,,,,,,2015-07-08
NE,,,,,,2015-07-20
DTV,,,,,,2015-07-29
PLL,,,,,,2015-08-28
HSP,,,,,,2015-09-02
JOY,,,,,,2015-10-07
HCBK,,,,,,2015-11-02
GNW,,,,,,2015-11-18
SIAL,,,,,,2015-11-19
CSC,,,,,,2015-12-01
ALTR,,,,,,2015-12-29
ACE,,,,,,2016-01-19
BRCM,,,,,,2016-02-01
PCP,,,,,,2016-02-01
PCL,,,,,,2016-02-22
CNX,,,,,,2016-03-04
POM,,,,,,2016-03-30
CAM,,,,,,2016-04-04
THC,,,,,,2016-04-18
SNDK,,,,,,2016-05-13
TWC,,,,,,2016-05-18
CCE,,,,,,2016-05-31
TE,,,,,,2016-07-01
EMC,,,,,,2016-09-08
HOT,,,,,,2016-09-22
DO,,,,,,2016-09-30
AA,,,,,,2016-11-01
LM,,,,,,2016-12-02
STJ,,,,,,2017-01-05
SE,,,,,,2017-02-28
PBI,,,,,,2017-03-01
LLTC,,,,,,2017-03-13
HAR,,,,,,2017-03-16
FTR,,,,,,2017-03-20
URBN,,,,,,2017-03-20
SWN,,,,,,2017-04-04
DNB,,,,,,2017-04-05
TGNA,,,,,,2017-06-02
R,,,,,,2017-06-19
BHI,,,,,,2017-07-07
BBBY,,,,,,2017-07-26
MUR,,,,,,2017-07-26
RAI,,,,,,2017-07-26
WFM,,,,,,2017-08-29
SPLS,,,,,,2017-09-18
BCR,,,,,,2018-01-03
SNI,,,,,,2018-03-07
CHK,,,,,,2018-03-19
PDCO,,,,,,2018-03-19
WYN,,,,,,2018-05-31
MON,,,,,,2018-06-07
TWX,,,,,,2018-06-20
DPS,,,,,,2018-07-02
XL,,,,,,2018-09-14
ANDV,,,,,,2018-10-01
CA,,,,,,2018-11-06
AET,,,,,,2018-12-03
COL,,,,,,2018-12-03
SRCL,,,,,,2018-12-03
SCG,,,,,,2019-01-02
GT,,,,,,2019-02-27
FLR,,,,,,2019-06-03
MAT,,,,,,2019-06-07
LLL,,,,,,2019-07-01
RHT,,,,,,2019-07-15
APC,,,,,,2019-08-09
TSS,,,,,,2019-09-23
JEF,,,,,,2019-09-26
CELG,,,,,,2019-11-21
VIAB,,,,,,2019-12-05
STI,,,,,,2019-12-09
M,,,,,,2020-04-06
RTN,,,,,,2020-04-06
CPRI,,,,,,2020-05-12
HOG,,,,,,2020-06-22
JWN,,,,,,2020-06-22
HRB,,,,,,2020-09-21
KSS,,,,,,2020-09-21
ETFC,,,,,,2020-10-07
NBL,,,,,,2020-10-12
AIV,,,,,,2020-12-21
TIF,,,,,,2021-01-07
FLS,,,,,,2021-03-22
XRX,,,,,,2021-03-22
VAR,,,,,,2021-04-20
FLIR,,,,,,2021-05-14
NOV,,,,,,2021-09-20
UNM,,,,,,2021-09-20
LEG,,,,,,2021-12-20
WU,,,,,,2021-12-20
GPS,,,,,,2022-02-03
XLNX,,,,,,2022-02-15
PBCT,,,,,,2022-04-04
DISCA,,,,,,2022-04-11
UAA,,,,,,2022-06-21
CTXS,,,,,,2022-10-03
VNO,,,,,,2023-01-05
LUMN,,,,,,2023-03-20
LNC,,,,,,2023-09-18
NWL,,,,,,2023-09-18
SEE,,,,,,2023-12-18
WHR,,,,,,2024-03-18
ZION,,,,,,2024-03-18
VFC,,,,,,2024-04-03
XRAY,,,,,,2024-04-03
PXD,,,,,,2024-05-08
CMA,,,,,,2024-06-24
RHI,,,,,,2024-06-24
BBWI,,,,,,2024-10-01
MRO,,,,,,2024-11-26
HES,,,,,,2025-07-23
